Study_ID,Type,Group1,Group2,LOD,Variant,Num_ppl,Day_measure,NAb_mean,NAb_SD,NAb_l95,NAb_u95,NAb_med,NAb_q1,NAb_q3,NAb_min,NAb_max,LOD_50,DOI
AZ1,RCT,AZ,,,WT,37,56,,,,,0.539076099,0.445604203,1.138618434,,,N,10.1016/S0140-6736(20)31604-4
AZ1,RCT,AZ_AZ28,,,WT,9,14,,,,,1.457124626,1.233757363,1.527629901,,,N,10.1016/S0140-6736(20)31604-4
AZ1,RCT,ConvWT,,,WT,5,20,1.770852012,1.548143637,,,,,,,,N,10.1016/S0140-6736(20)31604-4
AZ2,Obs,AZ,,1,WT,42,21,1.113943352,,0.903089987,1.342422681,,,,,,N,10.1371/journal.pmed.1003991
AZ2,Obs,AZ_AZ56,,1,WT,42,28,1.255272505,,1.041392685,1.477121255,,,,,,N,10.1371/journal.pmed.1003991
AZ2,Obs,ConvWT,,1,WT,67,42,2.214843848,,2.089905111,2.340444115,,,,,,N,10.1371/journal.pmed.1003991
AZ2,Obs,PZ,,1,WT,54,21,1.176091259,,1,1.301029996,,,,,,N,10.1371/journal.pmed.1003991
AZ2,Obs,PZ_PZ21,,1,WT,54,28,2.330413773,,2.184691431,2.475671188,,,,,,N,10.1371/journal.pmed.1003991
AZ2,Obs,AZ_AZ56_PZ175,,1,WT,42,28,2.57863921,,2.344392274,2.812913357,,,,,,N,10.1371/journal.pmed.1003991
AZ2,Obs,PZ_PZ21_PZ301,,1,WT,54,28,3.076276255,,2.912222057,3.254789687,,,,,,N,10.1371/journal.pmed.1003991
AZ3,Obs,AZ,,,WT,37,21,2.06669855,2.065206128,,,,,,,,N,10.1093/infdis/jiab579
AZ3,Obs,AZ_AZ28,,,WT,81,14,2.650307523,2.532754379,,,,,,,,N,10.1093/infdis/jiab579
AZ3,Obs,ConvNR,,,WT,18,28,3.672836454,3.514547753,,,,,,,,N,10.1093/infdis/jiab579
AZ3,Obs,PZ,,,WT,31,21,2.262688344,2.192009593,,,,,,,,N,10.1093/infdis/jiab579
AZ3,Obs,PZ_PZ21,,,WT,36,7,3.405517107,3.406028945,,,,,,,,N,10.1093/infdis/jiab579
SV28,Obs,PZ_PZ21_PZ,,1,WT,20,,2.505149978,,2.505149978,2.505149978,,,,,,N,10.2807/1560-7917.ES.2022.27.18.2200178
SV28,Obs,PZ_PZ21_PZ,,1,Omicron,20,,1.828015064,,1.658011397,1.998259338,,,,,,N,10.2807/1560-7917.ES.2022.27.18.2200178
SV28,Obs,PZ_PZ21_PZ,,1,Omicron,20,,1.978180517,,1.867467488,2.089198367,,,,,,N,10.2807/1560-7917.ES.2022.27.18.2200178
SV28,Obs,SV_SV28_SV,,1,WT,20,,1.812913357,,1.641474111,1.984527313,,,,,,N,10.2807/1560-7917.ES.2022.27.18.2200178
SV28,Obs,SV_SV28_SV,,1,Omicron,20,,0.908485019,,0.806179974,1.012837225,,,,,,N,10.2807/1560-7917.ES.2022.27.18.2200178
SV28,Obs,SV_SV28_SV,,1,Omicron,20,,0.968482949,,0.892094603,1.06069784,,,,,,N,10.2807/1560-7917.ES.2022.27.18.2200178
SV28,Obs,SV_SV28_PZ,,1,WT,20,,2.490099005,,2.458637849,2.521661015,,,,,,N,10.2807/1560-7917.ES.2022.27.18.2200178
SV28,Obs,SV_SV28_PZ,,1,Omicron,20,,1.707570176,,1.517195898,1.897627091,,,,,,N,10.2807/1560-7917.ES.2022.27.18.2200178
SV28,Obs,SV_SV28_PZ,,1,Omicron,20,,1.662757832,,1.465382851,1.859138297,,,,,,N,10.2807/1560-7917.ES.2022.27.18.2200178
PZ619,Obs,AZ_AZ28,,1,WT,13,33,1.982271233,1.954242509,,,,,,,,N,10.3390/vaccines10020332 
PZ619,Obs,AZ_PZ,,1,WT,6,31,2.31386722,2.045322979,,,,,,,,N,10.3390/vaccines10020332 
PZ619,Obs,PZ_PZ21,,1,WT,22,32,2.550228353,2.584331224,,,,,,,,N,10.3390/vaccines10020332 
PZ619,Obs,ConvWT,,1,WT,17,144,2.117271296,2.093421685,,,,,,,,N,10.3390/vaccines10020332 
PZ627,Obs,PZ_PZ21,,,WT,9,69,2.935507266,2.675778342,,,,,,,,N,10.1016/j.celrep.2021.110237 
PZ627,Obs,PZ_PZ21,,,Beta,9,69,2.252853031,2.093421685,,,,,,,,N,10.1016/j.celrep.2021.110237 
PZ627,Obs,PZ_PZ21,,,Delta,9,69,2.408239965,2.222716471,,,,,,,,N,10.1016/j.celrep.2021.110237 
PZ627,Obs,PZ_PZ21,,,Delta,9,69,2.409933123,2.255272505,,,,,,,,N,10.1016/j.celrep.2021.110237 
PZ627,Obs,PZ_PZ21,,,Mu,9,69,2.103803721,1.991226076,,,,,,,,N,10.1016/j.celrep.2021.110237 
PZ627,Obs,PZ_PZ21,,,C.1.2,9,69,2.037426498,2.049218023,,,,,,,,N,10.1016/j.celrep.2021.110237 
PZ627,Obs,ConvNR,,,WT,8,45,2.523746467,2.227886705,,,,,,,,N,10.1016/j.celrep.2021.110237 
PZ627,Obs,ConvNR,,,Beta,8,45,1.880813592,1.544068044,,,,,,,,N,10.1016/j.celrep.2021.110237 
PZ627,Obs,ConvNR,,,Delta,8,45,1.939519253,1.579783597,,,,,,,,N,10.1016/j.celrep.2021.110237 
PZ627,Obs,ConvNR,,,Delta,8,45,1.954242509,1.568201724,,,,,,,,N,10.1016/j.celrep.2021.110237 
PZ627,Obs,ConvNR,,,Mu,8,45,1.851258349,1.748188027,,,,,,,,N,10.1016/j.celrep.2021.110237 
PZ627,Obs,ConvNR,,,C.1.2,8,45,1.633468456,1.414973348,,,,,,,,N,10.1016/j.celrep.2021.110237 
PZ660,Obs,PZ_PZ21_PZ,,,WT,10,7,2.741151599,2.838219222,,,,,,,,N,10.1038/s41591-021-01294-w 
PZ660,Obs,PZ_PZ21_PZ,,,Alpha,10,7,2.434568904,2.544068044,,,,,,,,N,10.1038/s41591-021-01294-w 
PZ660,Obs,ConvNR,,,WT,24,30,2.240549248,2.929418926,,,,,,,,N,10.1038/s41591-021-01294-w 
PZ660,Obs,ConvNR,,,Alpha,24,30,2.11058971,2.697229343,,,,,,,,N,10.1038/s41591-021-01294-w 
PZ670,Obs,PZ_PZ21,,1,WT,30,30,2.671450554,2.291590826,,,,,,,,N,10.3390/vaccines10050703 
PZ670,Obs,PZ_PZ21,,1,WT,30,30,2.243038049,2.290924559,,,,,,,,N,10.3390/vaccines10050704
PZ670,Obs,PZ_PZ21,,1,Alpha,30,30,2.261738547,2.319730494,,,,,,,,N,10.3390/vaccines10050705
PZ670,Obs,PZ_PZ21,,1,Gamma,30,30,1.966939163,1.897627091,,,,,,,,N,10.3390/vaccines10050706
PZ670,Obs,PZ_PZ21,,1,Beta,30,30,1.166430114,1.183269844,,,,,,,,N,10.3390/vaccines10050707
PZ670,Obs,PZ_PZ21,,1,B.1.258.17,30,30,1.380211242,1.205475037,,,,,,,,N,10.3390/vaccines10050708
PZ670,Obs,PZ_PZ21,,1,C.36.3 (1),30,30,1.749504424,2.059184618,,,,,,,,N,10.3390/vaccines10050709
PZ670,Obs,PZ_PZ21,,1,Eta,30,30,1.20871002,1.074450719,,,,,,,,N,10.3390/vaccines10050710
PZ670,Obs,PZ_PZ21,,1,Delta,30,30,1.282622113,1.12904506,,,,,,,,N,10.3390/vaccines10050711
PZ670,Obs,PZ_PZ21,,1,Mu,30,30,1.096910013,0.9990435,,,,,,,,N,10.3390/vaccines10050712
PZ670,Obs,PZ_PZ21,,1,C.36.3 (2),30,30,1.656385719,1.630732893,,,,,,,,N,10.3390/vaccines10050713
PZ670,Obs,PZ_PZ21,,1,Lambda,30,30,1.130333768,0.985067033,,,,,,,,N,10.3390/vaccines10050714
PZ670,Obs,PZ_PZ21,,1,Delta,30,30,1.344981414,1.131618664,,,,,,,,N,10.3390/vaccines10050715
PZ670,Obs,PZ_PZ21,,1,Omicron,30,30,0.698970004,0,,,,,,,,Y,10.3390/vaccines10050716
PZ670,Obs,PZ_PZ21,,1,WT,28,180,1.88326386,1.98403198,,,,,,,,N,10.3390/vaccines10050703 
PZ670,Obs,PZ_PZ21,,1,WT,28,180,1.281260687,1.088136089,,,,,,,,N,10.3390/vaccines10050704
PZ670,Obs,PZ_PZ21,,1,Alpha,28,180,1.038620162,0.995284108,,,,,,,,N,10.3390/vaccines10050705
PZ670,Obs,PZ_PZ21,,1,Gamma,28,180,1.06483222,1.043755127,,,,,,,,N,10.3390/vaccines10050706
PZ670,Obs,PZ_PZ21,,1,Beta,28,180,0.885304668,0.728678367,,,,,,,,N,10.3390/vaccines10050707
PZ670,Obs,PZ_PZ21,,1,B.1.258.17,28,180,0.984212167,0.856849679,,,,,,,,N,10.3390/vaccines10050708
PZ670,Obs,PZ_PZ21,,1,C.36.3 (1),28,180,1.225050696,1.08849047,,,,,,,,N,10.3390/vaccines10050709
PZ670,Obs,PZ_PZ21,,1,Eta,28,180,1.111598525,1.359266165,,,,,,,,N,10.3390/vaccines10050710
PZ670,Obs,PZ_PZ21,,1,Delta,28,180,0.933031495,0.719745493,,,,,,,,N,10.3390/vaccines10050711
PZ670,Obs,PZ_PZ21,,1,Mu,28,180,0.905039928,0.534787359,,,,,,,,N,10.3390/vaccines10050712
PZ670,Obs,PZ_PZ21,,1,C.36.3 (2),28,180,1.022840611,0.881840968,,,,,,,,N,10.3390/vaccines10050713
PZ670,Obs,PZ_PZ21,,1,Lambda,28,180,0.875061263,0.405858399,,,,,,,,N,10.3390/vaccines10050714
PZ670,Obs,PZ_PZ21,,1,Delta,28,180,0.905039928,0.61898892,,,,,,,,N,10.3390/vaccines10050715
PZ670,Obs,PZ_PZ21,,1,Omicron,28,180,0.698970004,0,,,,,,,,Y,10.3390/vaccines10050716
PZ670,Obs,PZ_PZ21,,1,WT,22,30,2.718999638,2.197556213,,,,,,,,N,10.3390/vaccines10050703 
PZ670,Obs,PZ_PZ21,,1,WT,22,30,2.682866796,2.312388949,,,,,,,,N,10.3390/vaccines10050704
PZ670,Obs,PZ_PZ21,,1,Alpha,22,30,2.697403723,2.302114377,,,,,,,,N,10.3390/vaccines10050705
PZ670,Obs,PZ_PZ21,,1,Gamma,22,30,2.391640703,2.363047595,,,,,,,,N,10.3390/vaccines10050706
PZ670,Obs,PZ_PZ21,,1,Beta,22,30,2.317018101,2.343408594,,,,,,,,N,10.3390/vaccines10050707
PZ670,Obs,PZ_PZ21,,1,B.1.258.17,22,30,2.510008513,2.333648757,,,,,,,,N,10.3390/vaccines10050708
PZ670,Obs,PZ_PZ21,,1,C.36.3 (1),22,30,2.59206567,2.354684554,,,,,,,,N,10.3390/vaccines10050709
PZ670,Obs,PZ_PZ21,,1,Eta,22,30,2.200303183,2.214843848,,,,,,,,N,10.3390/vaccines10050710
PZ670,Obs,PZ_PZ21,,1,Delta,22,30,2.599118565,2.34752516,,,,,,,,N,10.3390/vaccines10050711
PZ670,Obs,PZ_PZ21,,1,Mu,22,30,2.21031852,2.305136319,,,,,,,,N,10.3390/vaccines10050712
PZ670,Obs,PZ_PZ21,,1,C.36.3 (2),22,30,2.502700175,2.352953912,,,,,,,,N,10.3390/vaccines10050713
PZ670,Obs,PZ_PZ21,,1,Lambda,22,30,2.342422681,2.337059726,,,,,,,,N,10.3390/vaccines10050714
PZ670,Obs,PZ_PZ21,,1,Delta,22,30,2.557386882,2.389520466,,,,,,,,N,10.3390/vaccines10050715
PZ670,Obs,PZ_PZ21,,1,Omicron,22,30,1.650987094,1.699056855,,,,,,,,N,10.3390/vaccines10050716
PZ670,Obs,ConvWT,,1,WT,30,26,2.585122186,2.387567779,,,,,,,,N,10.3390/vaccines10050703 
PZ670,Obs,ConvWT,,1,WT,30,26,2.236285277,2.270212855,,,,,,,,N,10.3390/vaccines10050704
PZ670,Obs,ConvWT,,1,Alpha,30,26,2.599337133,2.396548038,,,,,,,,N,10.3390/vaccines10050705
PZ670,Obs,ConvWT,,1,Gamma,30,26,2.180985581,2.293141483,,,,,,,,N,10.3390/vaccines10050706
PZ670,Obs,ConvWT,,1,Beta,30,26,1.552303109,1.669781615,,,,,,,,N,10.3390/vaccines10050707
PZ670,Obs,ConvWT,,1,B.1.258.17,30,26,1.550228353,1.610766595,,,,,,,,N,10.3390/vaccines10050708
PZ670,Obs,ConvWT,,1,C.36.3 (1),30,26,1.797059695,2.075911761,,,,,,,,N,10.3390/vaccines10050709
PZ670,Obs,ConvWT,,1,Eta,30,26,1.631748074,1.746867628,,,,,,,,N,10.3390/vaccines10050710
PZ670,Obs,ConvWT,,1,Delta,30,26,1.711807229,1.818225894,,,,,,,,N,10.3390/vaccines10050711
PZ670,Obs,ConvWT,,1,Mu,30,26,1.444513206,1.589949601,,,,,,,,N,10.3390/vaccines10050712
PZ670,Obs,ConvWT,,1,C.36.3 (2),30,26,1.791199246,2.107888025,,,,,,,,N,10.3390/vaccines10050713
PZ670,Obs,ConvWT,,1,Lambda,30,26,1.255272505,1.464489547,,,,,,,,N,10.3390/vaccines10050714
PZ670,Obs,ConvWT,,1,Delta,30,26,1.635182049,1.71222867,,,,,,,,N,10.3390/vaccines10050715
PZ670,Obs,ConvWT,,1,Omicron,30,26,0.740362689,0.183554534,,,,,,,,N,10.3390/vaccines10050716
PZ677,Obs,PZ,,1.477121255,WT,24,21,1.986247578,2.420259483,,,,,,,,N,10.1016/j.chom.2021.06.001 
PZ677,Obs,ConvWT,,1.477121255,WT,24,279,2.093887251,2.178976947,,,,,,,,N,10.1016/j.chom.2021.06.001 
PZ693,Obs,PZ_PZ21,,1.079181246,WT,76,14,,,,,2.716837723,2.413299764,3.015359755,,,N,10.1093/cid/ciab447 
PZ693,Obs,PZ_PZ21,,1.079181246,WT,90,14,,,,,2.130333768,1.431363764,2.506505032,,,N,10.1093/cid/ciab447 
PZ693,Obs,ConvNR,,1.079181246,WT,22,62,,,,,2.28780173,1.643452676,2.423245874,,,N,10.1093/cid/ciab447 
PZ695,Obs,PZ_PZ21,,0.602059991,WT,27,0,1.913813852,,1.79518459,2.030194785,,,,,,N,10.1016/j.ebiom.2021.103539 
PZ695,Obs,PZ_PZ21,,0.602059991,WT,27,28,2.80106053,,2.677515705,2.924537718,,,,,,N,10.1016/j.ebiom.2021.103539 
PZ695,Obs,ConvALP,,0.602059991,WT,14,43,2.374565061,,2.009875634,2.73933496,,,,,,N,10.1016/j.ebiom.2021.103539 
PZ699,Obs,PZ_PZ21,,1,WT,55,0,1.255272505,,1.079181246,1.431363764,,,,,,N,10.1016/j.jinf.2021.08.008 
PZ699,Obs,PZ_PZ21,,1,WT,55,17,2.582063363,,2.50242712,2.660865478,,,,,,N,10.1016/j.jinf.2021.08.008 
PZ699,Obs,ConvWT,,1,WT,55,60,2.008600172,,1.812913357,2.204119983,,,,,,N,10.1016/j.jinf.2021.08.008 
PZ709,Obs,SV,,1,WT,36,28,0.740362689,,0.698970004,0.785329835,,,,,,Y,10.3390/vaccines9121442
PZ709,Obs,SV,,1,Delta,36,28,0.770852012,,0.698970004,0.84509804,,,,,,Y,10.3390/vaccines9121442
PZ709,Obs,SV_SV28,,1,WT,36,28,1.08278537,,0.995635195,1.173186268,,,,,,Y,10.3390/vaccines9121442
PZ709,Obs,SV_SV28,,1,Delta,36,28,0.819543936,,0.740362689,0.892094603,,,,,,Y,10.3390/vaccines9121442
PZ709,Obs,PZ,,1,WT,34,21,1.06069784,,0.968482949,1.155336037,,,,,,Y,10.3390/vaccines9121442
PZ709,Obs,PZ,,1,Delta,34,21,0.838849091,,0.763427994,0.913813852,,,,,,Y,10.3390/vaccines9121442
PZ709,Obs,PZ_PZ21,,1,WT,34,35,1.911690159,,1.781036939,2.042575512,,,,,,N,10.3390/vaccines9121442
PZ709,Obs,PZ_PZ21,,1,Delta,34,35,1.725911632,,1.591064607,1.860338007,,,,,,Y,10.3390/vaccines9121442
PZ709,Obs,ConvNR,,1,WT,79,0,1.77815125,,1.667452953,1.888740961,,,,,,N,10.3390/vaccines9121442
PZ709,Obs,ConvNR,,1,WT,79,42,1.626340367,,1.527629901,1.72427587,,,,,,N,10.3390/vaccines9121442
PZ709,Obs,ConvNR,,1,WT,79,72,1.552668216,,1.437750563,1.667452953,,,,,,N,10.3390/vaccines9121442
PZ709,Obs,ConvNR,,1,WT,40,180,1.530199698,,1.419955748,1.640481437,,,,,,N,10.3390/vaccines9121442
PZ709,Obs,ConvNR,,1,WT,8,365,1.26245109,,0.959041392,1.567026366,,,,,,N,10.3390/vaccines9121442
PZ727,Obs,AZ_AZ56,,1.301029996,WT,15,28,2.787460475,2.769377326,,,,,,,,N,10.1126/sciimmunol.abo2202
PZ727,Obs,AZ_AZ56,,1.301029996,Delta,15,28,2.744292983,2.772321707,,,,,,,,N,10.1126/sciimmunol.abo2202
PZ727,Obs,AZ_AZ56,,1.301029996,Beta,15,28,2.674861141,2.596597096,,,,,,,,N,10.1126/sciimmunol.abo2202
PZ727,Obs,AZ_AZ56,,1.301029996,Omicron,15,28,1.556302501,1.672097858,,,,,,,,N,10.1126/sciimmunol.abo2202
PZ727,Obs,AZ_AZ56,,1.301029996,WT,15,180,2.505149978,2.582063363,,,,,,,,N,10.1126/sciimmunol.abo2202
PZ727,Obs,AZ_AZ56,,1.301029996,Delta,15,180,2.387389826,2.565847819,,,,,,,,N,10.1126/sciimmunol.abo2202
PZ727,Obs,AZ_AZ56,,1.301029996,Beta,15,180,2.399673721,2.599883072,,,,,,,,N,10.1126/sciimmunol.abo2202
PZ727,Obs,AZ_AZ56,,1.301029996,Omicron,15,180,1.414973348,1.62324929,,,,,,,,N,10.1126/sciimmunol.abo2202
PZ727,Obs,PZ_PZ21,,1.301029996,WT,14,28,3.193124598,3.326949994,,,,,,,,N,10.1126/sciimmunol.abo2202
PZ727,Obs,PZ_PZ21,,1.301029996,Delta,14,28,3.187802639,3.202215776,,,,,,,,N,10.1126/sciimmunol.abo2202
PZ727,Obs,PZ_PZ21,,1.301029996,Beta,14,28,2.678518379,2.571708832,,,,,,,,N,10.1126/sciimmunol.abo2202
PZ727,Obs,PZ_PZ21,,1.301029996,Omicron,14,28,1.698970004,1.838849091,,,,,,,,N,10.1126/sciimmunol.abo2202
PZ727,Obs,PZ_PZ21,,1.301029996,WT,13,180,2.612783857,2.808885867,,,,,,,,N,10.1126/sciimmunol.abo2202
PZ727,Obs,PZ_PZ21,,1.301029996,Delta,13,180,2.419955748,2.480006943,,,,,,,,N,10.1126/sciimmunol.abo2202
PZ727,Obs,PZ_PZ21,,1.301029996,Beta,13,180,2.629409599,2.874481818,,,,,,,,N,10.1126/sciimmunol.abo2202
PZ727,Obs,PZ_PZ21,,1.301029996,Omicron,13,180,1.462397998,1.602059991,,,,,,,,N,10.1126/sciimmunol.abo2202
PZ727,Obs,JJ_PZ85,,1.301029996,WT,15,28,3.694692926,3.770483809,,,,,,,,N,10.1126/sciimmunol.abo2202
PZ727,Obs,JJ_PZ85,,1.301029996,Delta,15,28,3.645716939,3.770262738,,,,,,,,N,10.1126/sciimmunol.abo2202
PZ727,Obs,JJ_PZ85,,1.301029996,Beta,15,28,3.27600199,2.935507266,,,,,,,,N,10.1126/sciimmunol.abo2202
PZ727,Obs,JJ_PZ85,,1.301029996,Omicron,15,28,2.485721426,2.614897216,,,,,,,,N,10.1126/sciimmunol.abo2202
PZ727,Obs,MD_MD28_PZ214,,1.301029996,WT,9,14,3.820135752,3.516931809,,,,,,,,N,10.1126/sciimmunol.abo2202
PZ727,Obs,MD_MD28_PZ214,,1.301029996,Delta,9,14,3.854913022,3.703205371,,,,,,,,N,10.1126/sciimmunol.abo2202
PZ727,Obs,MD_MD28_PZ214,,1.301029996,Beta,9,14,3.490099005,2.678518379,,,,,,,,N,10.1126/sciimmunol.abo2202
PZ727,Obs,MD_MD28_PZ214,,1.301029996,Omicron,9,14,2.813580989,2.773054693,,,,,,,,N,10.1126/sciimmunol.abo2202
PZ727,Obs,ConvWT,,1.301029996,WT,15,180,2.829303773,2.912753304,,,,,,,,N,10.1126/sciimmunol.abo2202
PZ727,Obs,ConvWT,,1.301029996,Delta,15,180,2.812244697,2.707570176,,,,,,,,N,10.1126/sciimmunol.abo2202
PZ727,Obs,ConvWT,,1.301029996,Beta,15,180,2.86332286,2.843855423,,,,,,,,N,10.1126/sciimmunol.abo2202
PZ727,Obs,ConvWT,,1.301029996,Omicron,15,180,2.152288344,2.352182518,,,,,,,,N,10.1126/sciimmunol.abo2202
PZ749,Obs,PZ_PZ21,,NR,WT,5,7,,,,,3.246055197,3.009025742,3.293362555,,,N,10.1128/mBio.00696-21
PZ749,Obs,PZ_PZ21,,NR,Alpha,5,7,,,,,3.21940113,2.981365509,3.434616802,,,N,10.1128/mBio.00696-21
PZ749,Obs,ConvWT,,NR,WT,28,,2.18920949,1.914871818,,,,,,,,N,10.1128/mBio.00696-21
PZ749,Obs,ConvWT,,NR,Alpha,18,,2.018700499,1.699837726,,,,,,,,N,10.1128/mBio.00696-21
PZ794,Obs,PZ,,1,WT,13,20,,,,,0.698970004,0.698970004,1.161368002,,,Y,10.1016/j.ijid.2021.08.052
PZ794,Obs,PZ_PZ21,,1,WT,13,20,,,,,2.245512668,1.976349979,2.476686743,,,N,10.1016/j.ijid.2021.08.052
PZ794,Obs,PZ_PZ21,,1,WT,13,90,,,,,1.301029996,1.243038049,1.568201724,,,N,10.1016/j.ijid.2021.08.052
PZ794,Obs,ConvWT,,1,WT,23,90,,,,,1.462397998,1.012837225,2.084218687,,,N,10.1016/j.ijid.2021.08.052
PZ870,Obs,PZ,,1.602059991,WT,9,17,2.126456113,2.108226656,,,,,,,,Y,10.1038/s41467-021-23473-6 
PZ870,Obs,PZ,,1.602059991,Beta,9,17,1.64738297,1.123851641,,,,,,,,Y,10.1038/s41467-021-23473-6 
PZ870,Obs,PZ_PZ21,,1.602059991,WT,7,12,3.362557867,3.191367166,,,,,,,,N,10.1038/s41467-021-23473-6 
PZ870,Obs,PZ_PZ21,,1.602059991,Beta,7,12,2.658869592,2.731266349,,,,,,,,N,10.1038/s41467-021-23473-6 
PZ870,Obs,ConvBeta,,1.602059991,WT,6,14,3.303347278,3.202052169,,,,,,,,N,10.1038/s41467-021-23473-6 
PZ870,Obs,ConvBeta,,1.602059991,Beta,6,14,2.561339941,2.433609843,,,,,,,,N,10.1038/s41467-021-23473-6 
PZ880,Obs,PZ_PZ21,,NR,WT,15,7,3.263636069,2.993876915,,,,,,,,N,10.3389/fimmu.2022.797589
PZ880,Obs,PZ_PZ21,,NR,Alpha,15,7,3.246498581,2.914871818,,,,,,,,N,10.3389/fimmu.2022.797589
PZ880,Obs,PZ_PZ21,,NR,Beta,15,7,2.791690649,2.595496222,,,,,,,,N,10.3389/fimmu.2022.797589
PZ880,Obs,PZ_PZ21,,NR,Delta,15,7,2.854913022,2.549003262,,,,,,,,N,10.3389/fimmu.2022.797589
PZ880,Obs,PZ_PZ21,,NR,Delta,15,7,2.857332496,2.639486489,,,,,,,,N,10.3389/fimmu.2022.797589
PZ880,Obs,PZ_PZ21,,NR,Lambda,15,7,2.859738566,2.700703717,,,,,,,,N,10.3389/fimmu.2022.797589
PZ880,Obs,PZ_PZ21,,NR,WT,9,90,2.841984805,2.567026366,,,,,,,,N,10.3389/fimmu.2022.797589
PZ880,Obs,PZ_PZ21,,NR,Alpha,9,90,2.796574333,2.434568904,,,,,,,,N,10.3389/fimmu.2022.797589
PZ880,Obs,PZ_PZ21,,NR,Beta,9,90,2.056904851,1.929418926,,,,,,,,N,10.3389/fimmu.2022.797589
PZ880,Obs,PZ_PZ21,,NR,Delta,9,90,2.281033367,2.008600172,,,,,,,,N,10.3389/fimmu.2022.797589
PZ880,Obs,PZ_PZ21,,NR,Delta,9,90,2.403120521,2.206825876,,,,,,,,N,10.3389/fimmu.2022.797589
PZ880,Obs,PZ_PZ21,,NR,Lambda,9,90,2.214843848,2.056904851,,,,,,,,N,10.3389/fimmu.2022.797589
PZ880,Obs,ConvNR,,NR,WT,8,45,2.539076099,2.240549248,,,,,,,,N,10.3389/fimmu.2022.797589
PZ880,Obs,ConvNR,,NR,Alpha,8,45,2.484299839,2.152288344,,,,,,,,N,10.3389/fimmu.2022.797589
PZ880,Obs,ConvNR,,NR,Beta,8,45,4.561950053,1.505149978,,,,,,,,N,10.3389/fimmu.2022.797589
PZ880,Obs,ConvNR,,NR,Delta,8,45,1.892094603,1.748188027,,,,,,,,N,10.3389/fimmu.2022.797589
PZ880,Obs,ConvNR,,NR,Delta,8,45,2.021189299,1.414973348,,,,,,,,N,10.3389/fimmu.2022.797589
PZ880,Obs,ConvNR,,NR,Lambda,8,45,2.021189299,1.819543936,,,,,,,,N,10.3389/fimmu.2022.797589
PZ901,Obs,PZ,,NR,WT,37,21,1.892094603,2.599664779,,,,,,,,N,10.1038/s41586-021-03412-7 
PZ901,Obs,PZ,,NR,Alpha,37,21,1.691965103,2.31344537,,,,,,,,N,10.1038/s41586-021-03412-7 
PZ901,Obs,PZ_PZ21,,NR,WT,21,21,2.557627488,2.705093611,,,,,,,,N,10.1038/s41586-021-03412-7 
PZ901,Obs,PZ_PZ21,,NR,Alpha,21,21,2.331427297,2.451939869,,,,,,,,N,10.1038/s41586-021-03412-7 
PZ901,Obs,PZ_PZ21,,NR,WT,27,,3.107379583,3.557723694,,,,,,,,N,10.1038/s41586-021-03412-7 
PZ901,Obs,PZ_PZ21,,NR,Alpha,27,,2.734159513,3.216113097,,,,,,,,N,10.1038/s41586-021-03412-7 
PZ911,Obs,PZ_PZ21_PZ,,0.903089987,WT,15,140,2.548757829,,2.260786669,2.836513999,,,,,,N,10.2807/1560-7917.ES.2022.27.30.2200559
PZ911,Obs,PZ_PZ21_PZ,,0.903089987,Omicron,15,140,1.08278537,,0.716003344,1.450249108,,,,,,N,10.2807/1560-7917.ES.2022.27.30.2200559
PZ911,Obs,PZ_PZ21_PZ,,0.903089987,Omicron,15,140,1.944975908,,1.715167358,2.175511813,,,,,,N,10.2807/1560-7917.ES.2022.27.30.2200559
PZ911,Obs,PZ_PZ21_PZ,,0.903089987,Omicron,15,140,1.029383778,,0.681241237,1.378397901,,,,,,N,10.2807/1560-7917.ES.2022.27.30.2200559
PZ911,Obs,PZ_PZ21_PZ,,0.903089987,Omicron,15,140,0.556302501,,0.079181246,1.004321374,,,,,,Y,10.2807/1560-7917.ES.2022.27.30.2200559
PZ911,Obs,PZ_PZ21_PZ_PZ,,0.903089987,WT,15,15,3.471878199,,3.220892249,3.722880611,,,,,,N,10.2807/1560-7917.ES.2022.27.30.2200559
PZ911,Obs,PZ_PZ21_PZ_PZ,,0.903089987,Omicron,15,15,2.22762965,,1.984977126,2.469969209,,,,,,N,10.2807/1560-7917.ES.2022.27.30.2200559
PZ911,Obs,PZ_PZ21_PZ_PZ,,0.903089987,Omicron,15,15,2.639785213,,2.415140352,2.864511081,,,,,,N,10.2807/1560-7917.ES.2022.27.30.2200559
PZ911,Obs,PZ_PZ21_PZ_PZ,,0.903089987,Omicron,15,15,1.870403905,,1.605305046,2.136403448,,,,,,N,10.2807/1560-7917.ES.2022.27.30.2200559
PZ911,Obs,PZ_PZ21_PZ_PZ,,0.903089987,Omicron,15,15,1.698970004,,1.328379603,2.069668097,,,,,,N,10.2807/1560-7917.ES.2022.27.30.2200559
PZ911,Obs,ConvOmicron,,0.903089987,WT,11,30,0.748188027,,0.361727836,1.149219113,,,,,,N,10.2807/1560-7917.ES.2022.27.30.2200559
PZ911,Obs,ConvOmicron,,0.903089987,Omicron,11,30,1.625312451,,1.257678575,1.994317153,,,,,,N,10.2807/1560-7917.ES.2022.27.30.2200559
PZ911,Obs,ConvOmicron,,0.903089987,Omicron,11,30,1.926342447,,1.745074792,2.108226656,,,,,,N,10.2807/1560-7917.ES.2022.27.30.2200559
PZ911,Obs,ConvOmicron,,0.903089987,Omicron,11,30,0.954242509,,0.568201724,1.334453751,,,,,,N,10.2807/1560-7917.ES.2022.27.30.2200559
PZ911,Obs,ConvOmicron,,0.903089987,Omicron,11,30,0.397940009,,0,0.785329835,,,,,,Y,10.2807/1560-7917.ES.2022.27.30.2200559
PZ939,RCT,PZ_PZ21,18to55,1.301029996,WT,12,7,2.557507202,,2.376576957,2.745855195,,,,,,N,10.1056/NEJMoa2027906
PZ939,RCT,PZ_PZ21,18to55,1.301029996,WT,12,7,2.212187604,,2.064457989,2.36361198,,,,,,N,10.1056/NEJMoa2027906
PZ939,RCT,PZ_PZ21,65to85,1.301029996,WT,12,14,2.173186268,,1.908485019,2.440909082,,,,,,N,10.1056/NEJMoa2027906
PZ939,RCT,PZ_PZ21,65to85,1.301029996,WT,12,14,2.31386722,,2.037426498,2.596597096,,,,,,N,10.1056/NEJMoa2027906
PZ939,RCT,ConvWT,,1.301029996,WT,38,14,1.973127854,,1.792391689,2.100370545,,,,,,N,10.1056/NEJMoa2027906
PZ35,Obs,PZ_PZ21,,0.602059991,WT,56,108,3.017867719,2.971183041,2.898396046,3.111598525,,,,,,N,10.1038/s41564-022-01092-1 
PZ35,Obs,PZ_PZ21,,0.602059991,WT,56,108,2.962132469,2.855276804,2.86009833,3.04453976,,,,,,N,10.1038/s41564-022-01092-1 
PZ35,Obs,PZ_PZ21,,0.602059991,Alpha,56,108,2.815909651,2.757471948,2.700097705,2.907250083,,,,,,N,10.1038/s41564-022-01092-1 
PZ35,Obs,PZ_PZ21,,0.602059991,Gamma,56,108,2.755569981,2.733919151,2.627877695,2.854123782,,,,,,N,10.1038/s41564-022-01092-1 
PZ35,Obs,PZ_PZ21,,0.602059991,Lambda,56,108,2.723947976,2.636688448,2.616475514,2.809963522,,,,,,N,10.1038/s41564-022-01092-1 
PZ35,Obs,PZ_PZ21,,0.602059991,Delta,56,108,2.670245853,2.681241237,2.530839779,2.775683249,,,,,,N,10.1038/s41564-022-01092-1 
PZ35,Obs,SV_SV28,,0.602059991,WT,53,94,2.207365037,2.21031852,2.066325925,2.313656347,,,,,,N,10.1038/s41564-022-01092-1 
PZ35,Obs,SV_SV28,,0.602059991,Alpha,53,94,2.0923697,2.245265839,2.245265839,2.236033147,,,,,,N,10.1038/s41564-022-01092-1 
PZ35,Obs,SV_SV28,,0.602059991,Gamma,53,94,2.113943352,2.256236533,2.256236533,2.254548077,,,,,,N,10.1038/s41564-022-01092-1 
PZ35,Obs,SV_SV28,,0.602059991,Lambda,53,94,1.972434277,2.20709554,2.20709554,2.140508043,,,,,,N,10.1038/s41564-022-01092-1 
PZ35,Obs,SV_SV28,,0.602059991,Delta,53,94,1.639486489,1.864866914,1.864866914,1.804752602,,,,,,N,10.1038/s41564-022-01092-1 
PZ35,Obs,ConvWT,,0.602059991,WT,30,,2.744918542,2.517723595,2.517723595,2.831741834,,,,,,N,10.1038/s41564-022-01092-1 
PZ35,Obs,ConvWT,,0.602059991,Alpha,30,,2.622628426,2.523356207,2.523356207,2.735519059,,,,,,N,10.1038/s41564-022-01092-1 
PZ35,Obs,ConvWT,,0.602059991,Gamma,30,,2.494015375,2.464638559,2.464638559,2.624075731,,,,,,N,10.1038/s41564-022-01092-1 
PZ35,Obs,ConvWT,,0.602059991,Lambda,30,,2.469527479,1.40654018,1.40654018,2.57863921,,,,,,N,10.1038/s41564-022-01092-1 
PZ35,Obs,ConvWT,,0.602059991,Delta,30,,2.513350799,2.574147064,2.574147064,2.668572269,,,,,,N,10.1038/s41564-022-01092-1 
PZ39,Obs,PZ_PZ21,,1,WT,31,32,2.340047318,2.02201574,,,,,,,,N,10.1038/s41591-022-01704-7 
PZ39,Obs,PZ_PZ21,,1,Omicron,31,32,0.84509804,0.973127854,,,,,,,,Y,10.1038/s41591-022-01704-7 
PZ39,Obs,PZ_PZ21_PZ301,,1,WT,25,28,2.505149978,0,,,,,,,,N,10.1038/s41591-022-01704-7 
PZ39,Obs,PZ_PZ21_PZ301,,1,Omicron,25,28,1.890979597,1.958085849,,,,,,,,N,10.1038/s41591-022-01704-7 
PZ39,Obs,SV_SV28,,1,WT,30,33,1.511883361,1.800029359,,,,,,,,N,10.1038/s41591-022-01704-7 
PZ39,Obs,SV_SV28,,1,Omicron,30,33,0.698970004,0,,,,,,,,Y,10.1038/s41591-022-01704-7 
PZ39,Obs,SV_SV28_SV85,,1,WT,37,30,1.812913357,1.888179494,,,,,,,,N,10.1038/s41591-022-01704-7 
PZ39,Obs,SV_SV28_SV85,,1,Omicron,37,30,0.949390007,0.857332496,,,,,,,,Y,10.1038/s41591-022-01704-7 
PZ39,Obs,SV_SV28_PZ89,,1,WT,27,30,2.485011215,1.608526034,,,,,,,,N,10.1038/s41591-022-01704-7 
PZ39,Obs,SV_SV28_PZ89,,1,Omicron,27,30,1.772321707,2.002166062,,,,,,,,N,10.1038/s41591-022-01704-7 
PZ39,Obs,ConvNR,,1,WT,30,179,1.932980822,1.974050903,,,,,,,,N,10.1038/s41591-022-01704-7 
PZ39,Obs,ConvNR,,1,Omicron,30,179,0.908485019,1.450249108,,,,,,,,Y,10.1038/s41591-022-01704-7 
PZ39,Obs,ConvOmicron,,1,WT,6,170,2.003433319,2.17682991,,,,,,,,N,10.1038/s41591-022-01704-7 
PZ39,Obs,ConvOmicron,,1,Omicron,6,170,1.401373328,1.78198761,,,,,,,,N,10.1038/s41591-022-01704-7 
